V;accession ;Date;year;month;Variantdelta
1;S03;19/04/2021;2021;4;No
2;S06;21/04/2021;2021;4;No
3;S08;29/04/2021;2021;4;No
4;S09;04/05/2021;2021;5;No
5;S10;07/05/2021;2021;5;No
6;S12;19/04/2021;2021;4;No
7;S16;13/05/2021;2021;5;No
8;S19;11/07/2021;2021;7;VDelta_B1.617.2
9;S20;11/07/2021;2021;7;No
10;S23;19/04/2021;2021;4;No
11;S24;19/04/2021;2021;4;No
12;S28;11/07/2021;2021;7;No
13;S31;19/04/2021;2021;4;No
14;S32;19/04/2021;2021;4;No
15;S35;19/04/2021;2021;4;No
16;S36;12/07/2021;2021;7;VDelta_B1.617.2
17;S37;12/07/2021;2021;7;VDelta_B1.617.2
18;S39;12/07/2021;2021;7;VDelta_B1.617.2
19;S40;13/07/2021;2021;7;VDelta_B1.617.2
20;S43;19/04/2021;2021;4;No
21;S44;19/04/2021;2021;4;No
22;S50;14/07/2021;2021;7;No
23;S53;20/04/2021;2021;4;No
24;S57;20/04/2021;2021;4;No
25;S58;20/04/2021;2021;4;No
26;S66;20/04/2021;2021;4;No
27;S67;29/04/2021;2021;4;No
28;S70;30/04/2021;2021;4;No
29;S74;01/05/2021;2021;5;No
30;S75;01/05/2021;2021;5;No
31;S76;01/05/2021;2021;5;No
32;S80;02/05/2021;2021;5;No
33;S81;19/08/2021;2021;8;VDelta_B1.617.2
34;S82;19/08/2021;2021;8;VDelta_B1.617.2
35;S83;15/08/2021;2021;8;No
36;S84;13/08/2021;2021;8;VDelta_B1.617.2
37;S85;13/08/2021;2021;8;VDelta_B1.617.2
38;S87;11/08/2021;2021;8;VDelta_B1.617.2
39;S88;09/08/2021;2021;8;VDelta_B1.617.2
40;S89;18/05/2021;2021;5;No
41;S118;10/05/2021;2021;5;No
42;S119;30/05/2021;2021;5;No
43;S122;10/05/2021;2021;5;No
44;S126;10/05/2021;2021;5;No
45;S127;13/09/2021;2021;9;VDelta_B1.617.2
46;S128;15/05/2021;2021;5;VDelta_B1.617.2
47;S129;20/08/2021;2021;8;VDelta_B1.617.2
48;S130;11/06/2021;2021;6;VDelta_B1.617.2
49;S131;21/07/2021;2021;7;VDelta_B1.617.2
50;S132;17/09/2021;2021;9;VDelta_B1.617.2
51;S133;17/09/2021;2021;9;VDelta_B1.617.2
52;S134;17/09/2021;2021;9;VDelta_B1.617.2
53;S135;12/07/2021;2021;7;VDelta_B1.617.2
54;S136;18/06/2021;2021;6;VDelta_B1.617.2
55;S137;19/09/2021;2021;9;VDelta_B1.617.2
56;S138;21/09/2021;2021;9;No
57;S139;21/09/2021;2021;9;VDelta_B1.617.2
58;S140;21/09/2021;2021;9;VDelta_B1.617.2
59;S141;21/09/2021;2021;9;VDelta_B1.617.2
60;S144;23/09/2021;2021;9;VDelta_B1.617.2
61;S145;23/09/2021;2021;9;No
62;S146;25/09/2021;2021;9;VDelta_B1.617.2
63;S147;30/09/2021;2021;9;VDelta_B1.617.2
64;S148;30/09/2021;2021;9;VDelta_B1.617.2
65;S149;29/09/2021;2021;9;VDelta_B1.617.2
